DEPTH d	FREQ d	DERIV_DEPTH d	DERIV d
1367.06500000	0.01317575	1368.71750000	0.00944236
1370.37000000	0.06977472	1370.49500000	0.31257043
1370.62000000	0.21149902	1371.09000000	0.08295322
1371.56000000	0.07007685	1372.14000000	0.03208846
1372.72000000	0.13758610	1373.02000000	0.11247291
1373.32000000	0.25997883	1373.55250000	0.01824408
1373.78500000	0.27536502	1374.22250000	0.10376874
1374.66000000	0.11068876	1375.13250000	0.05260601
1375.60500000	0.20085077	1377.48750000	0.02664647
1379.37000000	0.01889702	1381.38500000	0.00814405
1383.40000000	0.07842234	1383.80000000	0.07789932
1384.20000000	0.19144878	1384.45750000	0.03977268
1384.71500000	0.15429966	1384.92000000	0.38588258
1385.12500000	0.44124253	1385.28500000	0.37924815
1385.44500000	0.22113755	1385.63500000	0.08084574
1385.82500000	0.27685576	1386.15750000	0.14736070
1386.49000000	0.09912618	1386.78250000	0.84908603
1387.07500000	1.00000000	1387.27250000	1.00000000
1387.47000000	0.28360342	1387.76750000	0.00596606
1388.06500000	0.27716527	1389.64750000	0.04606364
1391.23000000	0.01274887	1392.74750000	0.02994502
1394.26500000	0.17758016	1394.49500000	0.09998087
1394.72500000	0.09416766	1395.65750000	0.02258876
1396.59000000	0.01776164	1397.61750000	0.01927770
1398.64500000	0.08961109	1399.78750000	0.01576352
1400.93000000	0.02428363	1401.95000000	0.03280593
1402.97000000	0.14566133	1403.60000000	0.05001541
1404.23000000	0.03136541	1407.57250000	0.00214335
1410.91500000	0.00537872	1413.97500000	0.00321415
1417.03500000	0.04105456	1417.84000000	0.00198284
1418.64500000	0.03526469	1421.38500000	0.00267937
1424.12500000	0.00863478	1426.60000000	0.00526004
1429.07500000	0.05585743	1429.66750000	0.00182784
1430.26000000	0.05192906	1431.52500000	0.00759251
1432.79000000	0.01709032	1436.62750000	0.00066714
1440.46500000	0.00780377	1443.39500000	0.01419724
1446.32500000	0.15869293	1446.45750000	0.25186585
1446.59000000	0.27974482	1446.73250000	0.25080761
1446.87500000	0.15010393	1447.06500000	0.02144174
1447.25500000	0.16488140	1447.84500000	0.06293968
1448.43500000	0.03018283	1449.64250000	0.00303491
1450.85000000	0.01688994	1452.36750000	0.00069770
1453.88500000	0.02073042	1454.75250000	0.07396757
1455.62000000	0.25348447	1456.84750000	0.05338838
1458.07500000	0.01577055	1459.28500000	0.07763563
1460.49500000	0.35651817	1460.81250000	0.25322942
1461.13000000	0.06488006	1461.43750000	0.33352231
1461.74500000	0.43689159	1461.86250000	0.47700915
1461.98000000	0.23358523	1464.14500000	0.02882665
1466.31000000	0.00720498	1469.39250000	0.00089715
1472.47500000	0.01723622	1476.25750000	0.00072084
1480.04000000	0.00734600	1482.89250000	0.02609002
1485.74500000	0.27729790	1486.16000000	0.14786620
1486.57500000	0.05470905	1487.03000000	0.06216696
1487.48500000	0.15731143	1487.75000000	0.04501350
1488.01500000	0.11404261	1488.63500000	0.03270927
1489.25500000	0.04048139	1489.78750000	0.11515523
1490.32000000	0.26290951	1496.87000000	0.01094028
1503.42000000	0.00297957	1509.92750000	0.02096362
1516.43500000	0.49782203	1516.51750000	0.98905478
1516.60000000	0.20184317	1521.69750000	0.01083295
1526.79500000	0.00153889	1534.47750000	0.00020930
1542.16000000	0.00737144	1552.52750000	0.00012620
1562.89500000	0.00262553	1571.25500000	0.00087263
1579.61500000	0.02908746	1585.19750000	0.00125592
1590.78000000	0.00365561	1599.24000000	0.00003405
1607.70000000	0.00470040	1623.02000000	0.00004737
1638.34000000	0.00206829	1650.37500000	0.00136643
1662.41000000	0.06171973	1663.31500000	0.01167679
1664.22000000	0.02338800	1665.01250000	0.03701731
1665.80500000	0.12979997	1666.06500000	0.02645235
1666.32500000	0.10485264	1667.79000000	0.01733908
1669.25500000	0.01271227	1673.76500000	0.00043512
1678.27500000	0.00559405	1688.10000000	0.00009473
1697.92500000	0.00221811	1706.16250000	0.00028757
1714.40000000	0.01081058	1717.40750000	0.00013368
1720.41500000	0.01226889	1722.24000000	0.00453343
1724.06500000	0.04227962	1724.86000000	0.00076129
1725.65500000	0.04447497	1728.80250000	0.00336609
1731.95000000	0.00604432	1736.83750000	0.00009364
1741.72500000	0.00770446	1744.18750000	0.00357764
1746.65000000	0.03966094	1747.06750000	0.13351912
1747.48500000	0.24186335	1749.09000000	0.03992495
1750.69500000	0.00942605	1758.70750000	0.00022892
1766.72000000	0.00277259	1773.78750000	0.00106739
1780.85500000	0.03013634	1790.74500000	0.00078821
1800.63500000	0.00185997	87458652416187469000000000000000000000000000000000000000000000000000000000000000000000000000000000000000000000000000000000000000000000000000000000000000000000000000000000000000000000000000000000000000000000000000000000000000000000000000000000000000000000000000000000000.00000000	3.14159265
1367.92000000	0.04430352	1368.71000000	0.25677089
1369.50000000	0.95217759	1371.78000000	0.08952044
1374.06000000	0.03867503	1376.31750000	0.05143923
1378.57500000	0.55840163	1384.34000000	0.02127483
1390.10500000	0.00947020	1395.82500000	0.03275599
1401.54500000	0.84804055	1401.67250000	0.85734267
1401.80000000	0.35880574	1403.39750000	0.04534932
1404.99500000	0.03456739	1406.73500000	0.01975895
1408.47500000	0.18844156	1409.08750000	0.02771999
1409.70000000	0.11245237	1413.63000000	0.00560699
1417.56000000	0.01383013	1421.27500000	0.01340156
1424.99000000	0.23665665	1427.67500000	0.01862672
1430.36000000	0.01281880	1433.00750000	0.03711838
1435.65500000	0.45264156	1435.87500000	0.04617269
1436.09500000	0.40717830	1437.36750000	0.06582090
1438.64000000	0.03231380	1440.21750000	0.00801296
1441.79500000	0.08888759	1442.33250000	0.15297821
1442.87000000	0.45689856	1443.14500000	0.02618004
1443.42000000	0.42467632	1443.93500000	0.12026403
1444.45000000	0.14747475	1444.92750000	0.20904955
1445.40500000	0.59423583	1457.43500000	0.01092982
1469.46500000	0.00575620	1483.73000000	0.00013114
1497.99500000	0.01412889	1500.50250000	0.01794591
1503.01000000	0.21552872	1504.41250000	0.02946519
1505.81500000	0.03057425	1508.86500000	0.00010254
1511.91500000	0.02917447	1514.15000000	0.00849354
1516.38500000	0.11413531	1516.89750000	0.10328075
1517.41000000	0.35103582	1517.55500000	1.00000000
1517.70000000	1.00000000	1517.93750000	0.70292024
1518.17500000	0.25282491	1518.57250000	0.02144432
1518.97000000	0.21467424	1519.45250000	0.02596212
1519.93500000	0.15860945	1520.97750000	0.02052175
1522.02000000	0.06285847	1523.03750000	0.02768219
1524.05500000	0.18892144	1525.01250000	0.02543578
1525.97000000	0.07991891	1526.95000000	0.01034626
1527.93000000	0.12529869	1528.35250000	0.07383120
1528.77500000	0.26490959	1529.23750000	0.07288493
1529.70000000	0.11403984	1530.17250000	0.05653394
1530.64500000	0.23359375	1530.96250000	0.01558183
1531.28000000	0.25573565	1531.51000000	0.31200027
1531.74000000	0.57690607	1535.97000000	0.02984632
1540.20000000	0.01186005	1545.45750000	0.00082088
1550.71500000	0.03117581	1551.87500000	0.10223973
1553.03500000	0.56197520	1553.55750000	0.20322427
1554.08000000	0.08673344	1554.81000000	0.03747054
1555.54000000	0.20915716	1555.92500000	0.09791543
1556.31000000	0.37787640	1559.09000000	0.02879388
1561.87000000	0.01961687	1565.72750000	0.00039601
1569.58500000	0.02645387	1570.86500000	0.04324489
1572.14500000	0.27419464	1576.48250000	0.01374245
1580.82000000	0.00741281	1585.24250000	0.01037022
1589.66500000	0.21267475	1589.93250000	0.13001068
1590.20000000	0.36832705	1595.05500000	0.01663128
1599.91000000	0.00694403	1604.93250000	0.01001910
1609.95500000	0.23216107	1617.01250000	0.00707776
1624.07000000	0.00859845	1637.28250000	0.00003743
1650.49500000	0.00638516	1670.31750000	0.00004439
1690.14000000	0.00244693	1709.16250000	0.00004394
1728.18500000	0.00618747	1736.50250000	0.00017998
1744.82000000	0.01288744	1755.66000000	0.00018579
1766.50000000	0.00387351	1775.12250000	0.00228193
1783.74500000	0.09193564	87458652416187469000000000000000000000000000000000000000000000000000000000000000000000000000000000000000000000000000000000000000000000000000000000000000000000000000000000000000000000000000000000000000000000000000000000000000000000000000000000000000000000000000000000000.00000000	3.14159265
1364.68500000	0.23843366	1364.93000000	0.03999478
1365.17500000	0.28091828	1365.61750000	0.11137525
1366.06000000	0.06723806	1367.89250000	0.00604947
1369.72500000	0.01917363	1372.20500000	0.00126509
1374.68500000	0.03277660	1378.36500000	0.00101798
1382.04500000	0.01653430	1385.16750000	0.00829588
1388.29000000	0.12884661	1391.70750000	0.00808336
1395.12500000	0.00907250	1398.98000000	0.00204763
1402.83500000	0.04329707	1405.87000000	0.00241390
1408.90500000	0.01153263	1411.40000000	0.00695102
1413.89500000	0.08672636	1414.51500000	0.00169244
1415.13500000	0.09127589	1415.71500000	0.00442466
1416.29500000	0.08014908	1416.83750000	0.00968694
1417.38000000	0.10293405	1418.67250000	0.01379498
1419.96500000	0.02562789	1421.03500000	0.21002872
1422.10500000	1.00000000	1423.14250000	0.21626738
1424.18000000	0.02715985	1425.27250000	0.05627532
1426.36500000	0.29372405	1428.07250000	0.03768154
1429.78000000	0.01475778	1431.56500000	0.02019214
1433.35000000	0.17103040	1433.57250000	0.27029964
1433.79500000	0.43178853	1434.56250000	0.11857715
1435.33000000	0.03720246	1436.23000000	0.03383498
1437.13000000	0.16923191	1437.45750000	0.04256392
1437.78500000	0.22967064	1438.09250000	0.03816607
1438.40000000	0.17878621	1438.64500000	0.23674980
1438.89000000	0.43027468	1439.01250000	0.15012431
1439.13500000	0.51000977	1439.45750000	0.29409746
1439.78000000	0.09878112	1440.33250000	0.00083540
1440.88500000	0.10078232	1441.84750000	0.01167113
1442.81000000	0.05207705	1446.61750000	0.00243226
1450.42500000	0.01192456	1453.67000000	0.01397145
1456.91500000	0.20849523	1458.07250000	0.03618601
1459.23000000	0.02689176	1460.77500000	0.00300781
1462.32000000	0.04704019	1462.91500000	0.13235823
1463.51000000	0.38849267	1463.78500000	0.17839283
1464.06000000	0.17579024	1466.03250000	0.01869269
1468.00500000	0.01592606	1470.77000000	0.00095843
1473.53500000	0.02741606	1474.66250000	0.03543997
1475.79000000	0.20066565	1476.09500000	0.00530161
1476.40000000	0.19365481	1476.64750000	0.07678276
1476.89500000	0.27604990	1477.19000000	0.11677994
1477.48500000	0.12668359	1477.80750000	0.06964353
1478.13000000	0.22406427	1478.38000000	0.01598910
1478.63000000	0.20673316	1479.03250000	0.06082266
1479.43500000	0.10058961	1479.78750000	0.15760876
1480.14000000	0.34147021	1480.38250000	0.17165004
1480.62500000	0.16099481	1480.96500000	0.01918800
1481.30500000	0.13270884	1481.73500000	0.01668226
1482.16500000	0.10160702	1482.62250000	0.02139580
1483.08000000	0.14404767	1483.34500000	0.25363379
1483.61000000	0.43546499	1484.36500000	0.12136314
1485.12000000	0.03818552	1488.30750000	0.00204519
1491.49500000	0.00992071	1494.11750000	0.01848708
1496.74000000	0.22012725	1497.49750000	0.05155567
1498.25500000	0.05080212	1499.01000000	0.04169960
1499.76500000	0.18730480	1499.97000000	0.23443918
1500.17500000	0.39568019	1500.32250000	0.15866682
1500.47000000	0.49715085	1500.62750000	0.13785368
1500.78500000	0.40301365	1501.05750000	0.20031490
1501.33000000	0.16634423	1502.06000000	0.03455463
1502.79000000	0.05697592	1503.47250000	0.06240986
1504.15500000	0.24165523	1504.34750000	0.22945981
1504.54000000	0.43316888	1504.82750000	0.24719312
1505.11500000	0.12503703	1505.44500000	0.13379384
1505.77500000	0.31646811	1506.07000000	0.12176425
1506.36500000	0.16072667	1506.68250000	0.06740049
1507.00000000	0.25350982	1512.77500000	0.00987424
1518.55000000	0.00627010	1526.22500000	0.00018197
1533.90000000	0.01232534	1535.99750000	0.03617861
1538.09500000	0.34134069	1538.48000000	0.15441023
1538.86500000	0.08359040	1539.57500000	0.00618275
1540.28500000	0.06455762	1540.85500000	0.05151399
1541.42500000	0.19186758	1541.76250000	0.01064846
1542.10000000	0.17628560	1542.36000000	0.14547272
1542.62000000	0.34027557	1544.27750000	0.04449934
1545.93500000	0.02048221	1548.70750000	0.00052453
1551.48000000	0.02678753	1552.90750000	0.02754704
1554.33500000	0.19728325	1554.67000000	0.14059671
1555.00500000	0.40149575	1555.19250000	0.03279773
1555.38000000	0.42815865	1555.52000000	0.36516882
1555.66000000	0.64981700	1556.00500000	0.33678164
1556.35000000	0.14604982	1556.73750000	0.13997408
1557.12500000	0.38121970	1557.37750000	0.13485816
1557.63000000	0.23358073	1558.70500000	0.04239919
1559.78000000	0.03596188	1560.74500000	0.21090196
1561.71000000	0.91837162	1561.86750000	1.00000000
1562.02500000	0.23549392	1562.20000000	0.32344706
1562.37500000	0.48091035	1562.65750000	0.30042830
1562.94000000	0.11293251	1563.35500000	0.01407458
1563.77000000	0.13825729	1565.00500000	0.02140118
1566.24000000	0.02366193	1567.42250000	0.03445064
1568.60500000	0.20029047	1569.00750000	0.05632726
1569.41000000	0.10199197	1569.93250000	0.00350665
1570.45500000	0.09404792	1571.33750000	0.01560318
1572.22000000	0.03434575	1573.03250000	0.02703078
1573.84500000	0.12956929	1574.40750000	0.02415509
1574.97000000	0.07065867	1578.70500000	0.00396071
1582.44000000	0.00651904	1586.04000000	0.00625229
1589.64000000	0.10410868	1589.99750000	0.07789748
1590.35500000	0.22485164	1590.55500000	0.12594295
1590.75500000	0.33406260	1590.96500000	0.10126963
1591.17500000	0.24185624	1591.48500000	0.06595621
1591.79500000	0.15320604	1592.18250000	0.01215529
1592.57000000	0.13278399	1592.98750000	0.00052888
1593.40500000	0.13182663	1593.84000000	0.00109307
1594.27500000	0.13388821	1594.73750000	0.00026149
1595.20000000	0.13336385	1595.67500000	0.00012994
1596.15000000	0.13363146	1597.16000000	0.01953625
1598.17000000	0.04808049	1599.34250000	0.00411049
1600.51500000	0.06897675	1601.08000000	0.03595008
1601.64500000	0.15704324	1601.96750000	0.03120078
1602.29000000	0.20067046	1602.80750000	0.05476868
1603.32500000	0.07778373	1603.76000000	0.15584042
1604.19500000	0.37170549	1604.52250000	0.19396292
1604.85000000	0.09628744	1607.00750000	0.00863061
1609.16500000	0.01555379	1611.24250000	0.02450880
1613.32000000	0.23631637	1613.64750000	0.04835080
1613.97500000	0.16766054	1614.49250000	0.04999778
1615.01000000	0.05547847	1615.42000000	0.39769263
1615.83000000	0.76243673	1615.92000000	0.18155351
1616.01000000	0.69159167	1616.16250000	0.56695714
1616.31500000	0.31672016	1616.68000000	0.12936189
1617.04500000	0.11199954	1617.48500000	0.02773833
1617.92500000	0.16491657	1618.35000000	0.02711517
1618.77500000	0.11495183	1619.25250000	0.00327387
1619.73000000	0.12172975	1620.19750000	0.01075915
1620.66500000	0.09992145	1621.13000000	0.00399141
1621.59500000	0.10796859	1621.96250000	0.04617304
1622.33000000	0.18153985	1622.72750000	0.04910578
1623.12500000	0.09690834	1623.71000000	0.00809441
1624.29500000	0.07637765	1624.86250000	0.01517564
1625.43000000	0.11371772	1625.89500000	0.00149054
1626.36000000	0.11672282	1626.77500000	0.01511600
1627.19000000	0.14392146	1627.58250000	0.00262576
1627.97500000	0.13945301	1628.30750000	0.03782793
1628.64000000	0.19398691	1628.99000000	0.03988258
1629.34000000	0.13346485	1629.84750000	0.01210666
1630.35500000	0.10682555	1630.82500000	0.03150120
1631.29500000	0.17101849	1631.56250000	0.14592280
1631.83000000	0.34026095	1632.10000000	0.15421481
1632.37000000	0.15972977	1632.74500000	0.01676182
1633.12000000	0.13247675	1633.53000000	0.01477552
1633.94000000	0.10621104	1634.35250000	0.00311891
1634.76500000	0.11178917	1635.15000000	0.00041456
1635.53500000	0.11109716	1635.98250000	0.01197854
1636.43000000	0.08785591	1636.97000000	0.00097163
1637.51000000	0.09013078	1637.89500000	0.08420668
1638.28000000	0.23069334	1638.59750000	0.08149718
1638.91500000	0.11850475	1639.32250000	0.00101905
1639.73000000	0.12030522	1640.03250000	0.06728114
1640.33500000	0.20854839	1640.75000000	0.07276748
1641.16500000	0.07761579	1641.67250000	0.01859769
1642.18000000	0.11853784	1642.64750000	0.01403685
1643.11500000	0.09008579	1643.57500000	0.01627026
1644.03500000	0.12253579	1644.42000000	0.00196695
1644.80500000	0.11925245	1645.22750000	0.01105596
1645.65000000	0.09899963	1646.06250000	0.03710509
1646.47500000	0.16536169	1646.86500000	0.02034306
1647.25500000	0.13096289	1647.57750000	0.05662992
1647.90000000	0.21014701	1648.11000000	0.04186473
1648.32000000	0.24826499	1648.64250000	0.10152858
1648.96500000	0.10630028	1649.39750000	0.00740421
1649.83000000	0.12018469	1650.13500000	0.10298375
1650.44000000	0.25637021	1650.93250000	0.09331237
1651.42500000	0.05711586	1652.03250000	0.02135994
1652.64000000	0.11337701	1652.95000000	0.10080089
1653.26000000	0.24886114	1653.89000000	0.07456162
1654.52000000	0.04519528	1655.16250000	0.06283925
1655.80500000	0.22024705	1656.08000000	0.05380868
1656.35500000	0.15608955	1656.67750000	0.00252313
1657.00000000	0.15256152	1657.32750000	0.00825342
1657.65500000	0.14084206	1657.91750000	0.14416593
1658.18000000	0.30492156	1658.45000000	0.13741639
1658.72000000	0.14405540	1659.14250000	0.01791704
1659.56500000	0.11123413	1660.05500000	0.00038010
1660.54500000	0.11204165	1661.32250000	0.02102388
1662.10000000	0.04116949	1662.76500000	0.04296141
1663.43000000	0.16503846	1664.20500000	0.03663340
1664.98000000	0.04194321	1665.66500000	0.24443746
1666.35000000	0.76791659	1666.81250000	0.34993900
1667.27500000	0.06619240	1668.05750000	0.00246452
1668.84000000	0.05783101	1669.30250000	0.08320728
1669.76500000	0.22468455	1670.13250000	0.09191237
1670.50000000	0.07823310	1671.82000000	0.01016548
1673.14000000	0.02005439	1674.42250000	0.01847198
1675.70500000	0.12276924	1676.20750000	0.01734011
1676.71000000	0.08499026	1677.20250000	0.00819065
1677.69500000	0.10248014	1678.13000000	0.00280197
1678.56500000	0.09719551	1678.92000000	0.05974514
1679.27500000	0.18915432	1679.69250000	0.06164922
1680.11000000	0.07755887	1680.66250000	0.00077219
1681.21500000	0.07570910	1682.48250000	0.00905016
1683.75000000	0.02597356	1684.92000000	0.02039494
1686.09000000	0.12943313	1686.41750000	0.02854024
1686.74500000	0.16995890	1687.12250000	0.04200623
1687.50000000	0.10120568	1687.98750000	0.00637499
1688.47500000	0.08773106	1689.01000000	0.00468362
1689.54500000	0.09859525	1690.07250000	0.00297799
1690.60000000	0.09178430	1690.99250000	0.05524639
1691.38500000	0.18580120	1691.70750000	0.04545201
1692.03000000	0.12224686	1692.47000000	0.01243739
1692.91000000	0.09851978	1693.51250000	0.01047138
1694.11500000	0.07116561	1694.52250000	0.20667469
1694.93000000	0.43632063	1695.21250000	0.27000118
1695.49500000	0.10561127	1696.02250000	0.01084629
1696.55000000	0.08080474	1697.06250000	0.01982290
1697.57500000	0.12485247	1697.85750000	0.14953503
1698.14000000	0.30800957	1698.50750000	0.13824214
1698.87500000	0.08773713	1699.30000000	0.04061379
1699.72500000	0.16257559	1700.55500000	0.03638046
1701.38500000	0.03165479	1702.43750000	0.00586711
1703.49000000	0.05842851	1704.05500000	0.02449786
1704.62000000	0.11844062	1706.90000000	0.01074011
1709.18000000	0.01226958	1711.44500000	0.01205183
1713.71000000	0.13062371	1714.06500000	0.01167376
1714.42000000	0.14859178	1714.76250000	0.01500829
1715.10500000	0.12630464	1715.45000000	0.01553666
1715.79500000	0.14954480	1716.13000000	0.00135135
1716.46500000	0.14758201	1716.95750000	0.02965233
1717.45000000	0.08426398	1717.91000000	0.03332423
1718.37000000	0.15072703	1718.75250000	0.04003208
1719.13500000	0.08433715	1719.51500000	0.04013462
1719.89500000	0.15046207	1720.71750000	0.03369285
1721.54000000	0.03030867	1722.48000000	0.01211039
1723.42000000	0.07966560	1724.07250000	0.00586654
1724.72500000	0.06306878	1725.47500000	0.00325725
1726.22500000	0.07366071	1726.82750000	0.00341791
1727.43000000	0.08258924	1727.94500000	0.00399998
1728.46000000	0.09152081	1728.81000000	0.10973207
1729.16000000	0.25803989	1729.52500000	0.11368610
1729.89000000	0.07812686	1730.33000000	0.02615490
1730.77000000	0.12802314	1731.10000000	0.00192382
1731.43000000	0.12527056	1732.42750000	0.02135288
1733.42500000	0.03292164	1734.60000000	0.00678559
1735.77500000	0.06749073	1736.27000000	0.04071140
1736.76500000	0.15486500	1737.22750000	0.03346687
1737.69000000	0.08775469	1738.43000000	0.01082290
1739.17000000	0.05303004	1739.85000000	0.01159866
1740.53000000	0.08722633	1740.97750000	0.01036233
1741.42500000	0.10733174	1741.77750000	0.03596893
1742.13000000	0.16230469	1742.42250000	0.02367949
1742.71500000	0.19233505	1743.04750000	0.05283363
1743.38000000	0.11616847	1744.34000000	0.02061749
1745.30000000	0.03035224	1746.39750000	0.00698098
1747.49500000	0.06357100	1747.93750000	0.07095206
1748.38000000	0.19969686	1748.73500000	0.07175617
1749.09000000	0.08925087	1749.42500000	0.10958283
1749.76000000	0.24841665	1749.98250000	0.02273631
1750.20500000	0.22648293	1750.37750000	0.83086879
1750.55000000	0.84790105	1750.80000000	0.68557950
1751.05000000	0.10477890	1751.49250000	0.00566106
1751.93500000	0.09391781	1752.29000000	0.06023728
1752.64500000	0.18663411	1753.08500000	0.06154773
1753.52500000	0.06921817	1754.06250000	0.01197094
1754.60000000	0.09711592	1755.14000000	0.00238829
1755.68000000	0.09152423	1756.16500000	0.02662971
1756.65000000	0.14752197	1757.07000000	0.03105460
1757.49000000	0.09097132	1757.90500000	0.03326441
1758.32000000	0.15082493	1758.79750000	0.03644695
1759.27500000	0.07536838	1759.87250000	0.00308407
1760.47000000	0.08335796	1760.97000000	0.00899207
1761.47000000	0.10285155	1761.84500000	0.02447662
1762.22000000	0.14264807	1762.53000000	0.02215467
1762.84000000	0.17242565	1763.14750000	0.02248128
1763.45500000	0.14245277	1763.77500000	0.00286310
1764.09500000	0.14642513	1764.37750000	0.04184129
1764.66000000	0.19767419	1765.02750000	0.06566749
1765.39500000	0.09304084	1765.81750000	0.02076906
1766.24000000	0.13108657	1766.50000000	0.14295037
1766.76000000	0.29223312	1766.95250000	0.08501235
1767.14500000	0.22127940	1767.51500000	0.08755904
1767.88500000	0.08081538	1768.38000000	0.00848748
1768.87500000	0.09903110	1769.34500000	0.00065468
1769.81500000	0.10036521	1770.32750000	0.00765391
1770.84000000	0.08335774	1771.34500000	0.01020226
1771.85000000	0.10569605	1772.24500000	0.02333006
1772.64000000	0.14565143	1772.87250000	0.20989524
1773.10500000	0.35723792	1773.30250000	0.19163460
1773.50000000	0.19313988	1773.80000000	0.04815109
1774.10000000	0.13050882	1774.44500000	0.00367790
1774.79000000	0.12500731	1775.08250000	0.05546814
1775.37500000	0.19535209	1775.65250000	0.03609395
1775.93000000	0.15192509	1776.22500000	0.02156979
1776.52000000	0.17951373	1776.79000000	0.00736709
1777.06000000	0.17088947	1777.33250000	0.01643235
1777.60500000	0.19030408	1777.91500000	0.03220525
1778.22500000	0.14701775	1778.51000000	0.03832998
1778.79500000	0.19438147	1779.33750000	0.05792758
1779.88000000	0.05812802	1780.75500000	0.00199543
1781.63000000	0.05055783	1782.22250000	0.04601342
1782.81500000	0.16876266	1783.08500000	0.06869716
1783.35500000	0.24918282	1783.82750000	0.08428319
1784.30000000	0.07651748	1784.92000000	0.01394695
1785.54000000	0.11400903	1785.94000000	0.03440086
1786.34000000	0.17367019	1786.74000000	0.04623973
1787.14000000	0.09347698	1787.47750000	0.18294773
1787.81500000	0.36118610	1788.21500000	0.16806988
1788.61500000	0.06970376	1789.09000000	0.04140091
1789.56500000	0.15496779	1789.90750000	0.01012257
1790.25000000	0.13993590	1790.56250000	0.06043578
1790.87500000	0.22182131	1791.30250000	0.08109941
1791.73000000	0.07150151	1792.33750000	0.00591799
1792.94500000	0.08708924	1793.44000000	0.02173890
1793.93500000	0.13374499	1794.39500000	0.02197856
1794.85500000	0.08991015	1795.24000000	0.06843590
1795.62500000	0.20414722	1796.02250000	0.06648116
1796.42000000	0.08957006	1796.92500000	0.00112501
1797.43000000	0.08710679	1797.93250000	0.00169655
1798.43500000	0.09080307	1798.92000000	0.01366348
1799.40500000	0.11953504	1799.71750000	0.11384944
1800.03000000	0.27379147	1800.39750000	0.11485360
1800.76500000	0.09078590	1801.19250000	0.02796766
1801.62000000	0.14262466	1801.95750000	0.01725318
1802.29500000	0.11737792	1802.76250000	0.01459786
1803.23000000	0.08778872	1803.61750000	0.07727695
1804.00500000	0.21762141	1804.43000000	0.07165251
1804.85500000	0.08558835	1805.63000000	0.00993587
1806.40500000	0.05220192	1807.25500000	0.00377497
1808.10500000	0.06611408	1809.45000000	0.00751445
1810.79500000	0.02229314	1811.89500000	0.02960098
1812.99500000	0.16346925	1813.26750000	0.02970643
1813.54000000	0.19856701	1813.77250000	0.02422454
1814.00500000	0.22298674	1814.56250000	0.06648566
1815.12000000	0.06227958	1815.71500000	0.05117728
1816.31000000	0.19430470	1816.69500000	0.05108501
1817.08000000	0.10903071	87458652416187469000000000000000000000000000000000000000000000000000000000000000000000000000000000000000000000000000000000000000000000000000000000000000000000000000000000000000000000000000000000000000000000000000000000000000000000000000000000000000000000000000000000000.00000000	3.14159265
1368.82500000	0.00352921	1370.62500000	0.00833121
1372.42500000	0.06130454	1373.07500000	0.02338283
1373.72500000	0.00274843	1374.54750000	0.01061303
1375.37000000	0.03637924	1377.41750000	0.00455471
1379.46500000	0.00045013	1381.63000000	0.00049830
1383.79500000	0.00460643	1384.52500000	0.02012537
1385.25500000	0.06120801	1385.47750000	0.02269410
1385.70000000	0.08066182	1385.84250000	0.04832987
1385.98500000	0.10719519	1386.11500000	0.01254671
1386.24500000	0.10091120	1386.37750000	0.39877669
1386.51000000	0.30447825	1386.62250000	1.00000000
1386.73500000	0.73790365	1386.83750000	0.66370529
1386.94000000	1.00000000	1387.80750000	0.28903798
1388.67500000	0.03397974	1391.13250000	0.00300406
1393.59000000	0.00553752	1395.25000000	0.05042027
1396.91000000	0.32799695	1397.28250000	0.20892231
1397.65500000	0.02816843	1398.23000000	0.00877907
1398.80500000	0.04761656	1400.17250000	0.00895572
1401.54000000	0.00043313	1402.78500000	0.05196859
1404.03000000	0.24970436	1404.27500000	0.10788570
1404.52000000	0.14787059	1404.76250000	0.11647345
1405.00500000	0.03905264	1405.18750000	0.09150045
1405.37000000	0.10338774	1406.10750000	0.03313233
1406.84500000	0.00924738	1408.62750000	0.00067213
1410.41000000	0.00463163	1411.60500000	0.02662844
1412.80000000	0.12722739	1413.29000000	0.02078093
1413.78000000	0.08799697	1414.24000000	0.04011270
1414.70000000	0.01690811	1415.57250000	0.00492735
1416.44500000	0.00034504	1419.13750000	0.00063908
1421.83000000	0.00697438	1424.91500000	0.00020916
1428.00000000	0.00946033	1429.38250000	0.00006358
1430.76500000	0.00979897	1431.07250000	0.04299490
1431.38000000	0.06073486	1435.09000000	0.00344157
1438.80000000	0.01154308	1442.81000000	0.00031278
1446.82000000	0.01637522	1448.03250000	0.00358422
1449.24500000	0.03311842	1450.09750000	0.03475766
1450.95000000	0.14727651	1452.21500000	0.02771307
1453.48000000	0.01221333	1454.71500000	0.00600246
1455.95000000	0.04077330	1457.61750000	0.00558483
1459.28500000	0.00489451	1461.44500000	0.00178581
1463.60500000	0.01975563	1464.19750000	0.11979727
1464.79000000	0.29321769	1464.87750000	0.75208241
1464.96500000	0.03968421	1465.12750000	0.14838206
1465.29000000	0.13258012	1465.48500000	0.06636696
1465.68000000	0.18243967	1466.45750000	0.05889083
1467.23500000	0.00603508	1468.40250000	0.00567557
1469.57000000	0.03156373	1471.42000000	0.00328849
1473.27000000	0.00812519	1475.53750000	0.00082498
1477.80500000	0.00091822	1478.75250000	0.03396446
1479.70000000	0.12490225	1483.12500000	0.00883352
1486.55000000	0.00834046	1490.25750000	0.00096691
1493.96500000	0.02215165	1496.70500000	0.00174481
1499.44500000	0.00373290	1502.50500000	0.00205186
1505.56500000	0.02792260	1506.48500000	0.00151876
1507.40500000	0.02253943	1508.12000000	0.00150290
1508.83500000	0.01839945	1510.70000000	0.00104102
1512.56500000	0.01091951	1514.14000000	0.01354876
1515.71500000	0.09313275	1517.41750000	0.01332799
1519.12000000	0.00571222	1521.15500000	0.00220411
1523.19000000	0.02299284	1527.92250000	0.00120406
1532.65500000	0.00103945	1540.67500000	0.00005049
1548.69500000	0.00259950	1552.83750000	0.00301675
1556.98000000	0.05074595	1557.98000000	0.00554835
1558.98000000	0.02936998	1560.65250000	0.00499912
1562.32500000	0.06158225	1563.43250000	0.01265583
1564.54000000	0.00758194	1564.75500000	0.14241674
1564.97000000	0.12554916	1565.16000000	0.17486075
1565.35000000	0.25354851	1565.51250000	0.30236497
1565.67500000	0.06425023	1565.82000000	0.11359707
1565.96500000	0.00079068	1566.57250000	0.00258443
1567.18000000	0.00683953	1568.83000000	0.00101646
1570.48000000	0.01330107	1572.01500000	0.00722780
1573.55000000	0.05604517	1574.08750000	0.01027056
1574.62500000	0.03477679	1578.63500000	0.00210298
1582.64500000	0.00228744	1587.29500000	0.00145125
1591.94500000	0.02828639	1592.82250000	0.01746793
1593.70000000	0.08734053	1593.89750000	0.27565603
1594.09500000	0.29708786	1594.51000000	0.17917835
1594.92500000	0.01060710	1595.61500000	0.00900399
1596.30500000	0.03454279	1597.19250000	0.00758743
1598.08000000	0.00859951	1598.74500000	0.02503077
1599.41000000	0.07272900	1599.59250000	0.07592796
1599.77500000	0.12611488	1600.23750000	0.05574318
1600.70000000	0.02678835	1602.34250000	0.00370212
1603.98500000	0.00336126	1605.60250000	0.00341324
1607.22000000	0.02463153	1608.08500000	0.00389965
1608.95000000	0.01163571	1609.75250000	0.00751388
1610.55500000	0.03486689	1610.94750000	0.09201289
1611.34000000	0.17400630	1611.47500000	0.05813772
1611.61000000	0.14376826	1611.82750000	0.00046663
1612.04500000	0.14337725	1612.32000000	0.06783019
1612.59500000	0.07151223	1613.35500000	0.01477494
1614.11500000	0.02825077	1615.44000000	0.00126677
1616.76500000	0.02178418	1618.76000000	0.00072188
1620.75500000	0.01623578	1623.18250000	0.00053418
1625.61000000	0.02123165	1627.09250000	0.00071041
1628.57500000	0.01717409	1629.00000000	0.41108052
1629.42500000	0.69027110	1631.00750000	0.11248014
1632.59000000	0.00449647	1634.35500000	0.00491279
1636.12000000	0.03790330	1638.62750000	0.00361708
1641.13500000	0.00296028	1647.90500000	0.00000713
1654.67500000	0.00314633	1659.44250000	0.00137038
1664.21000000	0.02831691	1664.58500000	0.00434942
1664.96000000	0.03460074	1665.11000000	0.20068596
1665.26000000	0.15057726	1669.88750000	0.00838963
1674.51500000	0.00100494	1679.87500000	0.00112194
1685.23500000	0.02417329	1686.56250000	0.00647588
1687.89000000	0.05729364	1689.86750000	0.00745114
1691.84500000	0.00052595	1698.83250000	0.00001272
1705.82000000	0.00018360	1711.44750000	0.00391811
1717.07500000	0.08513171	1719.29000000	0.00933626
1721.50500000	0.00545917	1725.29750000	0.00102585
1729.09000000	0.02044807	1731.28250000	0.00067599
1733.47500000	0.02615813	1734.47500000	0.00448724
1735.47500000	0.00887027	1736.10500000	0.00331098
1736.73500000	0.01690663	1738.14500000	0.00262562
1739.55500000	0.00264356	1740.98250000	0.01015823
1742.41000000	0.05851067	1746.50500000	0.00370803
1750.60000000	0.00001032	1754.66500000	0.00396112
1758.73000000	0.06204588	1760.00500000	0.01015334
1761.28000000	0.01217112	1762.46750000	0.08624579
1763.65500000	0.40674959	1765.38250000	0.05900612
1767.11000000	0.01403510	1770.61750000	0.00094223
1774.12500000	0.00130254	1776.96500000	0.00174639
1779.80500000	0.02041082	1780.88250000	0.08518140
1781.96000000	0.37402031	1782.17250000	0.44011836
1782.38500000	0.01369874	1782.60750000	0.10843087
1782.83000000	0.10664776	1782.98250000	0.23682577
1783.13500000	0.24579052	1786.02000000	0.02177737
1788.90500000	0.00373608	1796.72500000	0.00008662
1804.54500000	0.00112640	87458652416187469000000000000000000000000000000000000000000000000000000000000000000000000000000000000000000000000000000000000000000000000000000000000000000000000000000000000000000000000000000000000000000000000000000000000000000000000000000000000000000000000000000000000.00000000	3.14159265
1366.63500000	0.25432496	1368.06250000	0.02948166
1369.49000000	0.01405298	1370.97250000	0.02568411
1372.45500000	0.23144030	1372.60500000	0.46266184
1372.75500000	0.62765445	1372.97750000	0.37800175
1373.20000000	0.14748020	1373.75000000	0.03111079
1374.30000000	0.04979050	1374.96750000	0.01356080
1375.63500000	0.10146919	1376.07000000	0.04049876
1376.50500000	0.00089049	1376.68000000	1.00000000
1376.85500000	1.00000000	1378.41500000	0.11032709
1379.97500000	0.01738857	1381.82000000	0.01137119
1383.66500000	0.13716661	1384.31500000	0.01000115
1384.96500000	0.10005256	1385.51000000	0.03213208
1386.05500000	0.00007320	1388.54000000	0.00090356
1391.02500000	0.01289233	1393.33000000	0.00983068
1395.63500000	0.14226108	1395.77000000	0.17471662
1395.90500000	0.00759972	1396.55250000	0.00873969
1397.20000000	0.03990777	1399.01500000	0.00309353
1400.83000000	0.00785204	1402.13750000	0.00030077
1403.44500000	0.00560684	1403.52750000	0.30422175
1403.61000000	0.14889796	1403.72500000	0.17923917
1403.84000000	0.03121710	1406.35500000	0.00189365
1408.87000000	0.00402691	1411.63250000	0.00085057
1414.39500000	0.01744185	1414.78750000	0.00850665
1415.18000000	0.03650407	1415.73000000	0.00807557
1416.28000000	0.01114631	1416.94750000	0.05813163
1417.61500000	0.23267950	1419.75750000	0.01767999
1421.90000000	0.01641868	1424.02500000	0.00293347
1426.15000000	0.05200762	1427.17250000	0.00122396
1428.19500000	0.05915271	1429.14750000	0.00755203
1430.10000000	0.10022071	1430.24000000	0.29288962
1430.38000000	0.33432375	1430.44250000	0.31473605
1430.50500000	0.22201812	1430.82000000	0.10332026
1431.13500000	0.03620726	1431.54500000	0.09377642
1431.95500000	0.25571638	1432.36000000	0.10335821
1432.76500000	0.01672897	1433.21500000	0.00682335
1433.66500000	0.03425911	1433.89750000	0.02139452
1434.13000000	0.00586027	1434.58250000	0.00077567
1435.03500000	0.00786415	1436.02000000	0.00740791
1437.00500000	0.04952295	1438.09750000	0.00016721
1439.19000000	0.04848000	1440.66500000	0.00492459
1442.14000000	0.00700969	1443.26000000	0.05515369
1444.38000000	0.35967900	1444.62250000	0.17827336
1444.86500000	0.11286304	1445.05250000	0.03857586
1445.24000000	0.07156856	1445.81000000	0.01586091
1446.38000000	0.01995332	1446.91000000	0.14470478
1447.44000000	0.45781183	1447.65750000	0.26369635
1447.87500000	0.13036678	1448.08000000	0.47996481
1448.28500000	0.69211060	1448.37500000	0.80963351
1448.46500000	0.27609843	1448.57000000	0.13387653
1448.67500000	0.19584404	1448.89750000	0.06420678
1449.12000000	0.11428240	1449.41500000	0.19091760
1449.71000000	0.43582833	1450.17250000	0.14686880
1450.63500000	0.04802072	1451.44750000	0.00594726
1452.26000000	0.02043302	1453.56000000	0.00212338
1454.86000000	0.03619265	1457.23500000	0.00262210
1459.61000000	0.00063865	1461.52500000	0.00495829
1463.44000000	0.05484820	1464.02750000	0.00459236
1464.61500000	0.03944472	1465.88750000	0.00301139
1467.16000000	0.01756710	1468.34000000	0.00919273
1469.52000000	0.07949716	1469.91250000	0.03413235
1470.30500000	0.00301134	1470.62750000	0.16897638
1470.95000000	0.31413338	1471.07500000	0.09276903
1471.20000000	0.24792879	1472.10500000	0.04769226
1473.01000000	0.00151131	1473.96000000	0.00042106
1474.91000000	0.00379506	1475.93500000	0.00420658
1476.96000000	0.02841166	1478.43000000	0.00051338
1479.90000000	0.02410311	1482.79750000	0.00022683
1485.69500000	0.02035086	1490.48000000	0.00031647
1495.26500000	0.01170548	1498.70000000	0.00028217
1502.13500000	0.01723907	1503.16000000	0.04227939
1504.18500000	0.26465501	1505.37500000	0.03744549
1506.56500000	0.01025245	1508.70250000	0.00077545
1510.84000000	0.01971553	1512.42000000	0.00091484
1514.00000000	0.01146315	1514.73500000	0.02546207
1515.47000000	0.11830863	1515.82500000	0.04439673
1516.18000000	0.02832688	1516.52000000	0.03398945
1516.86000000	0.09430473	1517.68000000	0.01836770
1518.50000000	0.00831558	1519.27000000	0.02016523
1520.04000000	0.09696358	1520.29000000	0.02079328
1520.54000000	0.06728534	1520.82000000	0.02604245
1521.10000000	0.02565453	1522.28750000	0.00297327
1523.47500000	0.00549672	1524.70000000	0.00827343
1525.92500000	0.06335915	1526.54500000	0.00787633
1527.16500000	0.03547930	1527.74000000	0.01116798
1528.31500000	0.07214142	1528.59000000	0.08443063
1528.86500000	0.20469998	1531.28750000	0.01449375
1533.71000000	0.00424373	1536.42000000	0.00268438
1539.13000000	0.04577632	1539.67000000	0.05186416
1540.21000000	0.20567178	1540.40000000	0.06946710
1540.59000000	0.13031752	1542.72250000	0.01040509
1544.85500000	0.00363696	1547.09750000	0.00596881
1549.34000000	0.08005484	1549.63750000	0.06705283
1549.93500000	0.19394314	1553.84000000	0.00861490
1557.74500000	0.00187887	1561.82000000	0.00163959
1565.89500000	0.04002401	1566.50500000	0.00214604
1567.11500000	0.04749783	1568.82250000	0.00379129
1570.53000000	0.01053863	1571.99750000	0.00227439
1573.46500000	0.02959403	1577.55250000	0.00119240
1581.64000000	0.00176788	1585.71500000	0.00525025
1589.79000000	0.12391491	1589.94250000	0.20080346
1590.09500000	0.29874496	1590.51750000	0.11884174
1590.94000000	0.01208254	1591.45750000	0.03533532
1591.97500000	0.11648109	1593.43500000	0.01326329
1594.89500000	0.00592591	1596.27750000	0.03509521
1597.66000000	0.28293118	1597.81250000	0.01184556
1597.96500000	0.29324454	1598.10500000	0.13537019
1598.24500000	0.40144426	1598.47250000	0.27088384
1598.70000000	0.04960884	1599.10750000	0.01767596
1599.51500000	0.09073192	1600.01000000	0.01029122
1600.50500000	0.11981547	1600.87750000	0.02829829
1601.25000000	0.17999675	1602.42250000	0.02099362
1603.59500000	0.03946479	1604.73250000	0.00815607
1605.87000000	0.09243201	1606.17250000	0.03299520
1606.47500000	0.03544824	1606.84500000	0.00455020
1607.21500000	0.02583638	1607.48000000	0.10919546
1607.74500000	0.19104227	1608.73000000	0.03151112
1609.71500000	0.01383762	1610.63000000	0.08809420
1611.54500000	0.47403426	1611.71750000	0.26551271
1611.89000000	0.21254765	1612.33250000	0.07201507
1612.77500000	0.03061455	1613.38000000	0.00842838
1613.98500000	0.00150240	1614.96750000	0.00142567
1615.95000000	0.00949939	1619.44250000	0.00033601
1622.93500000	0.00279952	1626.61500000	0.00000894
1630.29500000	0.00261165	1631.30250000	0.05024854
1632.31000000	0.29164208	1634.56500000	0.02215512
1636.82000000	0.00641172	1639.52500000	0.00160590
1642.23000000	0.03121228	1645.06000000	0.00152892
1647.89000000	0.00650949	1650.31750000	0.02175027
1652.74500000	0.30794818	1654.10250000	0.03597731
1655.46000000	0.02911556	1659.08750000	0.00065623
1662.71500000	0.01552506	1676.68250000	0.00015779
1690.65000000	0.00294206	1705.45250000	0.00001227
1720.25500000	0.00190490	1723.72250000	0.00853919
1727.19000000	0.17095209	1728.00250000	0.03084053
1728.81500000	0.02789143	1731.57500000	0.00089500
1734.33500000	0.01378856	1736.65500000	0.01557229
1738.97500000	0.22004876	1740.12750000	0.02727012
1741.28000000	0.04061546	1745.79000000	0.00156010
1750.30000000	0.00044538	1754.15500000	0.00337675
1758.01000000	0.07476407	1759.54500000	0.00466488
1761.08000000	0.03388283	1762.51000000	0.00780952
1763.94000000	0.09764091	1764.24750000	0.20772834
1764.55500000	0.46232424	1764.72250000	0.24530159
1764.89000000	0.69690382	1765.63750000	0.15736744
1766.38500000	0.02531862	1767.65000000	0.00118751
1768.91500000	0.01674226	1769.78000000	0.00306875
1770.64500000	0.03189716	1770.96250000	0.19122879
1771.28000000	0.37853186	1771.39000000	0.19310632
1771.50000000	0.49980489	1771.61250000	0.39185597
1771.72500000	0.75148798	1773.05250000	0.09753960
1774.38000000	0.01223934	1775.85250000	0.00792632
1777.32500000	0.07887428	1777.62250000	0.26336944
1777.92000000	0.52620362	1779.30500000	0.06370931
1780.69000000	0.02243896	1782.18000000	0.01154486
1783.67000000	0.12064768	1783.91750000	0.06804545
1784.16500000	0.02449766	1784.47500000	0.00381655
1784.78500000	0.03125239	1786.70250000	0.00169982
1788.62000000	0.01264378	1790.32250000	0.00187976
1792.02500000	0.03091491	1798.13500000	0.00072646
1804.24500000	0.00557354	1810.42250000	0.00218834
1816.60000000	0.08275310	87458652416187469000000000000000000000000000000000000000000000000000000000000000000000000000000000000000000000000000000000000000000000000000000000000000000000000000000000000000000000000000000000000000000000000000000000000000000000000000000000000000000000000000000000000.00000000	3.14159265
1366.50500000	0.03254744	1367.46250000	0.00555315
1368.42000000	0.00414699	1369.24000000	0.04135899
1370.06000000	0.18529368	1370.40250000	0.08744074
1370.74500000	0.02533013	1371.15250000	0.03379256
1371.56000000	0.09888228	1372.29750000	0.02120318
1373.03500000	0.01535861	1373.69750000	0.02231879
1374.36000000	0.09433606	1374.48750000	0.29540406
1374.61500000	0.29551072	1374.86000000	0.20215427
1375.10500000	0.03096812	1375.83250000	0.00526606
1376.56000000	0.01050530	1378.49500000	0.00054456
1380.43000000	0.00487710	1382.64500000	0.00254874
1384.86000000	0.03503116	1385.80750000	0.01020592
1386.75500000	0.08668207	1387.32500000	0.02285797
1387.89500000	0.01709010	1389.00500000	0.00233318
1390.11500000	0.03092313	1390.98500000	0.00798823
1391.85500000	0.06804383	1392.09250000	0.03513976
1392.33000000	0.11262065	1392.47500000	0.00271125
1392.62000000	0.11052081	1393.41750000	0.02337930
1394.21500000	0.01093238	1395.00250000	0.03153364
1395.79000000	0.14357141	1395.93750000	0.24062590
1396.08500000	0.33314640	1396.22750000	0.04924127
1396.37000000	0.37062563	1396.53500000	0.03164166
1396.70000000	0.39851186	1397.66250000	0.07365549
1398.62500000	0.01984917	1399.95750000	0.00102467
1401.29000000	0.01255629	1401.99500000	0.01447805
1402.70000000	0.06707503	1403.06750000	0.01910971
1403.43500000	0.10458598	1403.70750000	0.01935989
1403.98000000	0.07640760	1404.33750000	0.01858470
1404.69500000	0.04091988	1404.96000000	0.16435776
1405.22500000	0.27355898	1405.46250000	0.19639322
1405.70000000	0.02442284	1406.42000000	0.02608752
1407.14000000	0.12474846	1408.06250000	0.02477639
1408.98500000	0.00266661	1409.93500000	0.00113831
1410.88500000	0.00844265	1411.63000000	0.02676073
1412.37500000	0.11493070	1412.72000000	0.04863617
1413.06500000	0.02530654	1413.29750000	0.05225755
1413.53000000	0.09020265	1413.68500000	0.04640676
1413.84000000	0.05178245	1413.98750000	0.01962864
1414.13500000	0.06724670	1414.24000000	0.12714319
1414.34500000	0.13855318	1414.45000000	0.03552287
1414.55500000	0.15847569	1414.75250000	0.08361753
1414.95000000	0.07026706	1415.84000000	0.01105887
1416.73000000	0.01769590	1419.17000000	0.00106631
1421.61000000	0.00379891	1424.20500000	0.00011394
1426.80000000	0.00537819	1428.13000000	0.00138767
1429.46000000	0.01523609	1429.96000000	0.05840546
1430.46000000	0.17121650	1430.65000000	0.08775319
1430.84000000	0.08216052	1431.05500000	0.19644371
1431.27000000	0.30775226	1431.50750000	0.20950720
1431.74500000	0.04198028	1432.01750000	0.07683527
1432.29000000	0.15381425	1432.46500000	0.01739068
1432.64000000	0.13755872	1432.88500000	0.09028937
1433.13000000	0.01940447	1433.69500000	0.00505116
1434.26000000	0.03464801	1435.42000000	0.00114031
1436.58000000	0.02758275	1438.23750000	0.00256424
1439.89500000	0.00488099	1441.37500000	0.00020623
1442.85500000	0.00651123	1443.87250000	0.01674898
1444.89000000	0.09753805	1445.46250000	0.00196574
1446.03500000	0.09152704	1446.26750000	0.01740611
1446.50000000	0.06991124	1446.68000000	0.01450538
1446.86000000	0.05596528	1447.07750000	0.00701514
1447.29500000	0.04781557	1447.40750000	0.15649238
1447.52000000	0.14185118	1447.69000000	0.11755067
1447.86000000	0.03511279	1448.03750000	0.42792555
1448.21500000	0.44082045	1448.63250000	0.18485967
1449.05000000	0.02858504	1449.45500000	0.18748232
1449.86000000	0.43415143	1450.01750000	0.39251213
1450.17500000	0.10394900	1450.45000000	0.03167964
1450.72500000	0.05741615	1450.91500000	0.06864548
1451.10500000	0.12708076	1451.21250000	0.12734415
1451.32000000	0.05396111	1451.41750000	0.11146505
1451.51500000	0.11200947	1451.62000000	0.05835737
1451.72500000	0.07928056	1452.82250000	0.01231840
1453.92000000	0.00706923	1455.11250000	0.01019784
1456.30500000	0.07202434	1456.64000000	0.04308323
1456.97500000	0.14911464	1457.22250000	0.08261713
1457.47000000	0.03989721	1458.70000000	0.00568806
1459.93000000	0.00252785	1461.23500000	0.00805823
1462.54000000	0.05869689	1462.73500000	0.07882203
1462.93000000	0.14079418	1463.24500000	0.07283922
1463.56000000	0.01824159	1464.14500000	0.00261091
1464.73000000	0.01008339	1465.18750000	0.00940919
1465.64500000	0.03307609	1466.45750000	0.00571695
1467.27000000	0.00826565	1468.04250000	0.01405962
1468.81500000	0.06627776	1468.96250000	0.10919229
1469.11000000	0.15230393	1469.25750000	0.12320340
1469.40500000	0.05523923	1469.58500000	0.02982817
1469.76500000	0.08391702	1470.09750000	0.00405338
1470.43000000	0.07671829	1470.77500000	0.00152935
1471.12000000	0.07953649	1471.51250000	0.03160555
1471.90500000	0.01327678	1472.78250000	0.00273747
1473.66000000	0.02610724	1474.32250000	0.02626519
1474.98500000	0.11904948	1475.15250000	0.01486692
1475.32000000	0.10574853	1476.08750000	0.02281942
1476.85500000	0.01220159	1478.57000000	0.00000980
1480.28500000	0.01211183	1483.00250000	0.00049163
1485.72000000	0.00497591	1488.42000000	0.00029857
1491.12000000	0.00067006	1492.30750000	0.00694070
1493.49500000	0.04469349	1493.72750000	0.01240180
1493.96000000	0.06009468	1494.17250000	0.01027122
1494.38500000	0.04843658	1494.78500000	0.00976553
1495.18500000	0.02757234	1497.20750000	0.00215444
1499.23000000	0.00429840	1501.31750000	0.00106452
1503.40500000	0.01616771	1504.56750000	0.00106143
1505.73000000	0.00957704	1506.72250000	0.00579651
1507.71500000	0.04030568	1507.89750000	0.09470848
1508.08000000	0.13262623	1509.54250000	0.01671420
1511.00500000	0.00206087	1512.67000000	0.00329812
1514.33500000	0.03139194	1515.08250000	0.00267113
1515.83000000	0.02072715	1516.55750000	0.00290799
1517.28500000	0.03202699	1518.07750000	0.01697633
1518.87000000	0.10388741	1519.47500000	0.03600930
1520.08000000	0.22025089	1520.33000000	0.12319747
1520.58000000	0.05574235	1521.03250000	0.00130384
1521.48500000	0.05259107	1522.28250000	0.01050064
1523.08000000	0.00786167	1523.68500000	0.02771614
1524.29000000	0.09742593	1524.80000000	0.03323595
1525.31000000	0.00688918	1526.63250000	0.00128100
1527.95500000	0.01593796	1529.89500000	0.00117837
1531.83500000	0.00372757	1534.20250000	0.00168913
1536.57000000	0.02508754	1538.06250000	0.00140799
1539.55500000	0.01386317	1539.79250000	0.77736849
1540.03000000	1.00000000	1540.20750000	1.00000000
1540.38500000	0.05191999	1541.18500000	0.00567513
1541.98500000	0.02766997	1543.72000000	0.00222166
1545.45500000	0.00708152	1546.96250000	0.00263662
1548.47000000	0.02831160	1549.26750000	0.00011434
1550.06500000	0.02782454	1551.07500000	0.00344411
1552.08500000	0.04640448	1552.76750000	0.05245017
1553.45000000	0.23760815	1553.55750000	0.22705983
1553.66500000	0.10723283	1554.06750000	0.04226474
1554.47000000	0.01636906	1554.86750000	0.03864560
1555.26500000	0.09842005	1555.65000000	0.02169113
1556.03500000	0.05381444	1556.55250000	0.00750797
1557.07000000	0.03306152	1558.15000000	0.00465443
1559.23000000	0.00621199	1560.18750000	0.02835443
1561.14500000	0.15122479	1561.24250000	0.19542350
1561.34000000	0.25299672	1561.78250000	0.10327402
1562.22500000	0.00890617	1562.78500000	0.01956835
1563.34500000	0.06743756	1563.66250000	0.01326636
1563.98000000	0.08993547	1564.26000000	0.01955492
1564.54000000	0.11918108	1564.68500000	0.12500817
1564.83000000	0.21599839	1564.93500000	0.14666026
1565.04000000	0.13374603	1565.14250000	0.10586216
1565.24500000	0.19170374	1565.39250000	0.19332758
1565.54000000	0.03939232	1565.77250000	0.07624886
1566.00500000	0.13408207	1566.16000000	0.10829711
1566.31500000	0.22374134	1566.38000000	0.31237298
1566.44500000	0.11529037	1567.00000000	0.03655115
1567.55500000	0.00693744	1568.44000000	0.00055125
1569.32500000	0.00954320	1569.71750000	0.07593051
1570.11000000	0.16872837	1570.16750000	0.03206335
1570.22500000	0.17857580	1570.51250000	0.10142118
1570.80000000	0.02283115	1571.13750000	0.00327903
1571.47500000	0.02874222	1571.79250000	0.00475690
1572.11000000	0.02067518	1572.41000000	0.13602600
1572.71000000	0.23864171	1572.87250000	0.25522730
1573.03500000	0.01711448	1573.27250000	0.00006252
1573.51000000	0.01703517	1573.69000000	0.09857473
1573.87000000	0.11180819	1573.94500000	0.37192362
1574.02000000	0.26079975	1574.21000000	0.21506591
1574.40000000	0.04254092	1574.71000000	0.01703642
1575.02000000	0.01433199	1575.22000000	0.03476552
1575.42000000	0.05147057	1575.97000000	0.01584551
1576.52000000	0.00492101	1579.99750000	0.00010885
1583.47500000	0.00289915	1586.48500000	0.00717688
1589.49500000	0.11828402	1589.81750000	0.04738953
1590.14000000	0.03665234	1591.14250000	0.00591741
1592.14500000	0.00496670	1593.72500000	0.00293079
1595.30500000	0.02970039	1596.23750000	0.04464457
1597.17000000	0.25206419	1597.27000000	0.10950272
1597.37000000	0.19357555	1597.54750000	0.18441239
1597.72500000	0.01873786	1597.92500000	0.08629728
1598.12500000	0.11092571	1598.21250000	0.18270205
1598.30000000	0.19631396	1598.40500000	0.17933586
1598.51000000	0.09573594	1598.72500000	0.06381013
1598.94000000	0.02245775	1599.15250000	0.04087187
1599.36500000	0.06884836	1599.56000000	0.04009323
1599.75500000	0.02708916	1599.96250000	0.02991303
1600.17000000	0.06024234	1601.58250000	0.00682276
1602.99500000	0.00876749	1604.40250000	0.01694911
1605.81000000	0.13618872	1606.08250000	0.06854266
1606.35500000	0.03642467	1606.69250000	0.00167841
1607.03000000	0.03339902	1607.20250000	0.12405072
1607.37500000	0.14769607	1607.58000000	0.05537179
1607.78500000	0.08706586	1608.04500000	0.01292320
1608.30500000	0.06911893	1608.48000000	0.01636812
1608.65500000	0.05381921	1608.85500000	0.05358452
1609.05500000	0.11106137	1609.55500000	0.03454718
1610.05500000	0.01879801	1610.52250000	0.02475813
1610.99000000	0.08062045	1611.15500000	0.01716697
1611.32000000	0.06549096	1611.49000000	0.06554287
1611.66000000	0.12500522	1611.83500000	0.05665333
1612.01000000	0.07204984	1612.13500000	0.43461920
1612.26000000	0.36222855	1612.39000000	0.32249457
1612.52000000	0.13829849	1612.78750000	0.05997653
1613.05500000	0.05260423	1613.34750000	0.00581337
1613.64000000	0.04352183	1614.31000000	0.01069621
1614.98000000	0.00524364	1616.43500000	0.00004038
1617.89000000	0.00492982	1620.37500000	0.00002764
1622.86000000	0.00529669	1625.14250000	0.00051058
1627.42500000	0.01152147	1628.24250000	0.00711662
1629.06000000	0.04259628	1629.48500000	0.00796139
1629.91000000	0.02452351	1630.48250000	0.00299446
1631.05500000	0.01536678	1632.00750000	0.00181630
1632.96000000	0.00612620	1634.37250000	0.00027234
1635.78500000	0.00407148	1636.65250000	0.00974255
1637.52000000	0.04921433	1637.71750000	0.16979146
1637.91500000	0.22832836	1639.31000000	0.03013079
1640.70500000	0.00382062	1642.61250000	0.00162067
1644.52000000	0.02033287	1645.12500000	0.07579895
1645.73000000	0.26527596	1645.81500000	0.38556101
1645.90000000	0.09022735	1648.66250000	0.00604060
1651.42500000	0.00109633	1654.40750000	0.00057469
1657.39000000	0.01025132	1659.18000000	0.00085813
1660.97000000	0.00204678	1662.58750000	0.00311195
1664.20500000	0.02893258	1664.34250000	0.17583850
1664.48000000	0.15807332	1665.01750000	0.04721323
1665.55500000	0.02252668	1670.32750000	0.00084824
1675.10000000	0.00090391	1681.20500000	0.00018137
1687.31000000	0.00681805	1689.95500000	0.00024060
1692.60000000	0.00341886	1693.99000000	0.00098177
1695.38000000	0.01070790	1697.92750000	0.00007637
1700.47500000	0.01174708	1703.35750000	0.00066387
1706.24000000	0.00152590	1708.44750000	0.00013272
1710.65500000	0.00309084	1712.95250000	0.00050346
1715.25000000	0.00926910	1716.79500000	0.00004493
1718.34000000	0.00963988	1722.85750000	0.00035586
1727.37500000	0.00105320	1732.01000000	0.00034813
1736.64500000	0.00967179	1739.72000000	0.00015978
1742.79500000	0.00704756	1746.79250000	0.00026362
1750.79000000	0.00141871	1752.78000000	0.00095416
1754.77000000	0.01156063	1757.00250000	0.00086511
1759.23500000	0.00124463	1761.18500000	0.00707537
1763.13500000	0.07493832	1764.90500000	0.00755582
1766.67500000	0.00350489	1771.13000000	0.00010334
1775.58500000	0.00104576	1778.48750000	0.00406674
1781.39000000	0.06409290	1781.76000000	0.02646903
1782.13000000	0.01178269	1782.75750000	0.00100694
1783.38500000	0.00840776	1783.77750000	0.10932090
1784.17000000	0.23759450	1784.23250000	0.06359604
1784.29500000	0.21636417	1784.37750000	0.31763732
1784.46000000	0.07639509	1784.62250000	0.02729817
1784.78500000	0.10008883	1785.46250000	0.02239113
1786.14000000	0.01906143	1786.78000000	0.03130438
1787.42000000	0.12607325	1788.75750000	0.01622533
1790.09500000	0.01015973	87458652416187469000000000000000000000000000000000000000000000000000000000000000000000000000000000000000000000000000000000000000000000000000000000000000000000000000000000000000000000000000000000000000000000000000000000000000000000000000000000000000000000000000000000000.00000000	3.14159265
